e,alpha,alphal,alphah
5.0000,0.0075,0.0075,0.0075
5.0026,0.0075,0.0075,0.0075
5.0052,0.0075,0.0075,0.0075
5.0077,0.0075,0.0075,0.0075
5.0103,0.0075,0.0075,0.0075
5.0129,0.0075,0.0075,0.0075
5.0155,0.0075,0.0075,0.0075
5.0181,0.0075,0.0075,0.0075
5.0206,0.0075,0.0075,0.0075
5.0232,0.0075,0.0075,0.0075
5.0258,0.0075,0.0075,0.0075
5.0284,0.0075,0.0075,0.0075
5.0310,0.0075,0.0075,0.0075
5.0336,0.0075,0.0075,0.0075
5.0362,0.0075,0.0075,0.0075
5.0388,0.0075,0.0075,0.0075
5.0414,0.0075,0.0075,0.0075
5.0440,0.0075,0.0075,0.0075
5.0466,0.0075,0.0075,0.0075
5.0492,0.0075,0.0075,0.0075
5.0518,0.0075,0.0075,0.0075
5.0544,0.0075,0.0075,0.0075
5.0570,0.0075,0.0075,0.0075
5.0596,0.0075,0.0075,0.0075
5.0622,0.0075,0.0075,0.0075
5.0648,0.0075,0.0075,0.0075
5.0674,0.0075,0.0075,0.0075
5.0700,0.0075,0.0075,0.0075
5.0726,0.0075,0.0075,0.0075
5.0752,0.0075,0.0075,0.0075
5.0779,0.0075,0.0075,0.0075
5.0805,0.0075,0.0075,0.0075
5.0831,0.0075,0.0075,0.0075
5.0857,0.0075,0.0075,0.0075
5.0883,0.0075,0.0075,0.0075
5.0910,0.0075,0.0075,0.0075
5.0936,0.0075,0.0075,0.0075
5.0962,0.0075,0.0075,0.0075
5.0988,0.0075,0.0075,0.0075
5.1015,0.0075,0.0075,0.0075
5.1041,0.0075,0.0075,0.0075
5.1067,0.0075,0.0075,0.0075
5.1093,0.0075,0.0075,0.0075
5.1120,0.0075,0.0075,0.0075
5.1146,0.0075,0.0075,0.0075
5.1172,0.0075,0.0075,0.0075
5.1199,0.0075,0.0075,0.0075
5.1225,0.0075,0.0075,0.0075
5.1252,0.0075,0.0075,0.0075
5.1278,0.0075,0.0075,0.0075
5.1304,0.0075,0.0075,0.0075
5.1331,0.0075,0.0075,0.0075
5.1357,0.0075,0.0075,0.0075
5.1384,0.0075,0.0075,0.0075
5.1410,0.0075,0.0075,0.0075
5.1437,0.0075,0.0075,0.0075
5.1463,0.0075,0.0075,0.0075
5.1490,0.0075,0.0075,0.0075
5.1516,0.0075,0.0075,0.0075
5.1543,0.0075,0.0075,0.0075
5.1569,0.0075,0.0075,0.0075
5.1596,0.0075,0.0075,0.0075
5.1622,0.0075,0.0075,0.0075
5.1649,0.0075,0.0075,0.0075
5.1676,0.0075,0.0075,0.0075
5.1702,0.0075,0.0075,0.0075
5.1729,0.0075,0.0075,0.0075
5.1756,0.0075,0.0075,0.0075
5.1782,0.0075,0.0075,0.0075
5.1809,0.0075,0.0075,0.0075
5.1836,0.0075,0.0075,0.0075
5.1862,0.0075,0.0075,0.0075
5.1889,0.0075,0.0075,0.0075
5.1916,0.0075,0.0075,0.0075
5.1943,0.0075,0.0075,0.0075
5.1969,0.0075,0.0075,0.0075
5.1996,0.0075,0.0075,0.0075
5.2023,0.0075,0.0075,0.0075
5.2050,0.0075,0.0075,0.0075
5.2076,0.0075,0.0075,0.0075
5.2103,0.0075,0.0075,0.0075
5.2130,0.0075,0.0075,0.0075
5.2157,0.0075,0.0075,0.0075
5.2184,0.0075,0.0075,0.0075
5.2211,0.0075,0.0075,0.0075
5.2238,0.0075,0.0075,0.0075
5.2265,0.0075,0.0075,0.0075
5.2292,0.0075,0.0075,0.0075
5.2318,0.0075,0.0075,0.0075
5.2345,0.0075,0.0075,0.0075
5.2372,0.0075,0.0075,0.0075
5.2399,0.0075,0.0075,0.0075
5.2426,0.0075,0.0075,0.0075
5.2453,0.0075,0.0075,0.0075
5.2480,0.0075,0.0075,0.0075
5.2507,0.0075,0.0075,0.0075
5.2534,0.0075,0.0075,0.0075
5.2562,0.0075,0.0075,0.0075
5.2589,0.0075,0.0075,0.0075
5.2616,0.0075,0.0075,0.0075
5.2643,0.0075,0.0075,0.0075
5.2670,0.0075,0.0075,0.0075
5.2697,0.0075,0.0075,0.0075
5.2724,0.0075,0.0075,0.0075
5.2751,0.0075,0.0075,0.0075
5.2779,0.0075,0.0075,0.0075
5.2806,0.0075,0.0075,0.0075
5.2833,0.0075,0.0075,0.0075
5.2860,0.0075,0.0075,0.0075
5.2887,0.0075,0.0075,0.0075
5.2915,0.0075,0.0075,0.0075
5.2942,0.0075,0.0075,0.0075
5.2969,0.0075,0.0075,0.0075
5.2996,0.0075,0.0075,0.0075
5.3024,0.0075,0.0075,0.0075
5.3051,0.0075,0.0075,0.0075
5.3078,0.0075,0.0075,0.0075
5.3106,0.0075,0.0075,0.0075
5.3133,0.0075,0.0075,0.0075
5.3161,0.0075,0.0075,0.0075
5.3188,0.0075,0.0075,0.0075
5.3215,0.0075,0.0075,0.0075
5.3243,0.0075,0.0075,0.0075
5.3270,0.0075,0.0075,0.0075
5.3298,0.0075,0.0075,0.0075
5.3325,0.0075,0.0075,0.0075
5.3353,0.0075,0.0075,0.0075
5.3380,0.0075,0.0075,0.0075
5.3408,0.0075,0.0075,0.0075
5.3435,0.0075,0.0075,0.0075
5.3463,0.0075,0.0075,0.0075
5.3490,0.0075,0.0075,0.0075
5.3518,0.0075,0.0075,0.0075
5.3545,0.0075,0.0075,0.0075
5.3573,0.0075,0.0075,0.0075
5.3600,0.0075,0.0075,0.0075
5.3628,0.0075,0.0075,0.0075
5.3656,0.0075,0.0075,0.0075
5.3683,0.0075,0.0075,0.0075
5.3711,0.0075,0.0075,0.0075
5.3739,0.0075,0.0075,0.0075
5.3766,0.0075,0.0075,0.0075
5.3794,0.0075,0.0075,0.0075
5.3822,0.0075,0.0075,0.0075
5.3849,0.0075,0.0075,0.0075
5.3877,0.0075,0.0075,0.0075
5.3905,0.0075,0.0075,0.0075
5.3933,0.0075,0.0075,0.0075
5.3961,0.0075,0.0075,0.0075
5.3988,0.0075,0.0075,0.0075
5.4016,0.0075,0.0075,0.0075
5.4044,0.0075,0.0075,0.0075
5.4072,0.0075,0.0075,0.0075
5.4100,0.0075,0.0075,0.0075
5.4128,0.0075,0.0075,0.0075
5.4155,0.0075,0.0075,0.0075
5.4183,0.0075,0.0075,0.0075
5.4211,0.0075,0.0075,0.0075
5.4239,0.0075,0.0075,0.0075
5.4267,0.0075,0.0075,0.0075
5.4295,0.0075,0.0075,0.0075
5.4323,0.0075,0.0075,0.0075
5.4351,0.0075,0.0075,0.0075
5.4379,0.0075,0.0075,0.0075
5.4407,0.0075,0.0075,0.0075
5.4435,0.0075,0.0075,0.0075
5.4463,0.0075,0.0075,0.0075
5.4491,0.0075,0.0075,0.0075
5.4519,0.0075,0.0075,0.0075
5.4547,0.0075,0.0075,0.0075
5.4575,0.0075,0.0075,0.0075
5.4604,0.0075,0.0075,0.0075
5.4632,0.0075,0.0075,0.0075
5.4660,0.0075,0.0075,0.0075
5.4688,0.0075,0.0075,0.0075
5.4716,0.0075,0.0075,0.0075
5.4744,0.0075,0.0075,0.0075
5.4773,0.0075,0.0075,0.0075
5.4801,0.0075,0.0075,0.0075
5.4829,0.0075,0.0075,0.0075
5.4857,0.0075,0.0075,0.0075
5.4886,0.0075,0.0075,0.0075
5.4914,0.0075,0.0075,0.0075
5.4942,0.0075,0.0075,0.0075
5.4970,0.0075,0.0075,0.0075
5.4999,0.0075,0.0075,0.0075
5.5027,0.0075,0.0075,0.0075
5.5055,0.0075,0.0075,0.0075
5.5084,0.0075,0.0075,0.0075
5.5112,0.0075,0.0075,0.0075
5.5141,0.0075,0.0075,0.0075
5.5169,0.0075,0.0075,0.0075
5.5197,0.0075,0.0075,0.0075
5.5226,0.0075,0.0075,0.0075
5.5254,0.0075,0.0075,0.0075
5.5283,0.0075,0.0075,0.0075
5.5311,0.0075,0.0075,0.0075
5.5340,0.0075,0.0075,0.0075
5.5368,0.0075,0.0075,0.0075
5.5397,0.0075,0.0075,0.0075
5.5425,0.0075,0.0075,0.0075
5.5454,0.0075,0.0075,0.0075
5.5482,0.0075,0.0075,0.0075
5.5511,0.0075,0.0075,0.0075
5.5540,0.0075,0.0075,0.0075
5.5568,0.0075,0.0075,0.0075
5.5597,0.0075,0.0075,0.0075
5.5626,0.0075,0.0075,0.0075
5.5654,0.0075,0.0075,0.0075
5.5683,0.0075,0.0075,0.0075
5.5712,0.0075,0.0075,0.0075
5.5740,0.0075,0.0075,0.0075
5.5769,0.0075,0.0075,0.0075
5.5798,0.0075,0.0075,0.0075
5.5826,0.0075,0.0075,0.0075
5.5855,0.0075,0.0075,0.0075
5.5884,0.0075,0.0075,0.0075
5.5913,0.0075,0.0075,0.0075
5.5942,0.0075,0.0075,0.0075
5.5970,0.0075,0.0075,0.0075
5.5999,0.0075,0.0075,0.0075
5.6028,0.0075,0.0075,0.0075
5.6057,0.0075,0.0075,0.0075
5.6086,0.0075,0.0075,0.0075
5.6115,0.0075,0.0075,0.0075
5.6144,0.0075,0.0075,0.0075
5.6173,0.0075,0.0075,0.0075
5.6201,0.0075,0.0075,0.0075
5.6230,0.0075,0.0075,0.0075
5.6259,0.0075,0.0075,0.0075
5.6288,0.0075,0.0075,0.0075
5.6317,0.0075,0.0075,0.0075
5.6346,0.0075,0.0075,0.0075
5.6375,0.0075,0.0075,0.0075
5.6404,0.0075,0.0075,0.0075
5.6434,0.0075,0.0075,0.0075
5.6463,0.0075,0.0075,0.0075
5.6492,0.0075,0.0075,0.0075
5.6521,0.0075,0.0075,0.0075
5.6550,0.0075,0.0075,0.0075
5.6579,0.0075,0.0075,0.0075
5.6608,0.0075,0.0075,0.0075
5.6637,0.0075,0.0075,0.0075
5.6667,0.0075,0.0075,0.0075
5.6696,0.0075,0.0075,0.0075
5.6725,0.0075,0.0075,0.0075
5.6754,0.0075,0.0075,0.0075
5.6783,0.0075,0.0075,0.0075
5.6813,0.0075,0.0075,0.0075
5.6842,0.0075,0.0075,0.0075
5.6871,0.0075,0.0075,0.0075
5.6901,0.0075,0.0075,0.0075
5.6930,0.0075,0.0075,0.0075
5.6959,0.0075,0.0075,0.0075
5.6989,0.0075,0.0075,0.0075
5.7018,0.0075,0.0075,0.0075
5.7047,0.0075,0.0075,0.0075
5.7077,0.0075,0.0075,0.0075
5.7106,0.0075,0.0075,0.0075
5.7135,0.0075,0.0075,0.0075
5.7165,0.0075,0.0075,0.0075
5.7194,0.0075,0.0075,0.0075
5.7224,0.0075,0.0075,0.0075
5.7253,0.0075,0.0075,0.0075
5.7283,0.0075,0.0075,0.0075
5.7312,0.0075,0.0075,0.0075
5.7342,0.0075,0.0075,0.0075
5.7371,0.0075,0.0075,0.0075
5.7401,0.0075,0.0075,0.0075
5.7431,0.0075,0.0075,0.0075
5.7460,0.0075,0.0075,0.0075
5.7490,0.0075,0.0075,0.0075
5.7519,0.0075,0.0075,0.0075
5.7549,0.0075,0.0075,0.0075
5.7579,0.0075,0.0075,0.0075
5.7608,0.0075,0.0075,0.0075
5.7638,0.0075,0.0075,0.0075
5.7668,0.0075,0.0075,0.0075
5.7697,0.0075,0.0075,0.0075
5.7727,0.0075,0.0075,0.0075
5.7757,0.0075,0.0075,0.0075
5.7787,0.0075,0.0075,0.0075
5.7816,0.0075,0.0075,0.0075
5.7846,0.0075,0.0075,0.0075
5.7876,0.0075,0.0075,0.0075
5.7906,0.0075,0.0075,0.0075
5.7936,0.0075,0.0075,0.0075
5.7965,0.0075,0.0075,0.0075
5.7995,0.0075,0.0075,0.0075
5.8025,0.0075,0.0075,0.0075
5.8055,0.0075,0.0075,0.0075
5.8085,0.0075,0.0075,0.0075
5.8115,0.0075,0.0075,0.0075
5.8145,0.0075,0.0075,0.0075
5.8175,0.0075,0.0075,0.0075
5.8205,0.0075,0.0075,0.0075
5.8235,0.0075,0.0075,0.0075
5.8265,0.0075,0.0075,0.0075
5.8295,0.0075,0.0075,0.0075
5.8325,0.0075,0.0075,0.0075
5.8355,0.0075,0.0075,0.0075
5.8385,0.0075,0.0075,0.0075
5.8415,0.0075,0.0075,0.0075
5.8445,0.0075,0.0075,0.0075
5.8475,0.0075,0.0075,0.0075
5.8505,0.0075,0.0075,0.0075
5.8536,0.0075,0.0075,0.0075
5.8566,0.0075,0.0075,0.0075
5.8596,0.0075,0.0075,0.0075
5.8626,0.0075,0.0075,0.0075
5.8656,0.0075,0.0075,0.0075
5.8686,0.0075,0.0075,0.0075
5.8717,0.0075,0.0075,0.0075
5.8747,0.0075,0.0075,0.0075
5.8777,0.0075,0.0075,0.0075
5.8807,0.0075,0.0075,0.0075
5.8838,0.0075,0.0075,0.0075
5.8868,0.0075,0.0075,0.0075
5.8898,0.0075,0.0075,0.0075
5.8929,0.0075,0.0075,0.0075
5.8959,0.0075,0.0075,0.0075
5.8990,0.0075,0.0075,0.0075
5.9020,0.0075,0.0075,0.0075
5.9050,0.0075,0.0075,0.0075
5.9081,0.0075,0.0075,0.0075
5.9111,0.0075,0.0075,0.0075
5.9142,0.0075,0.0075,0.0075
5.9172,0.0075,0.0075,0.0075
5.9203,0.0075,0.0075,0.0075
5.9233,0.0075,0.0075,0.0075
5.9264,0.0075,0.0075,0.0075
5.9294,0.0075,0.0075,0.0075
5.9325,0.0075,0.0075,0.0075
5.9355,0.0075,0.0075,0.0075
5.9386,0.0075,0.0075,0.0075
5.9416,0.0075,0.0075,0.0075
5.9447,0.0075,0.0075,0.0075
5.9478,0.0075,0.0075,0.0075
5.9508,0.0075,0.0075,0.0075
5.9539,0.0075,0.0075,0.0075
5.9570,0.0075,0.0075,0.0075
5.9600,0.0075,0.0075,0.0075
5.9631,0.0075,0.0075,0.0075
5.9662,0.0075,0.0075,0.0075
5.9692,0.0075,0.0075,0.0075
5.9723,0.0075,0.0075,0.0075
5.9754,0.0075,0.0075,0.0075
5.9785,0.0075,0.0075,0.0075
5.9816,0.0075,0.0075,0.0075
5.9846,0.0075,0.0075,0.0075
5.9877,0.0075,0.0075,0.0075
5.9908,0.0075,0.0075,0.0075
5.9939,0.0075,0.0075,0.0075
5.9970,0.0075,0.0075,0.0075
6.0001,0.0075,0.0075,0.0075
6.0032,0.0075,0.0075,0.0075
6.0063,0.0075,0.0075,0.0075
6.0094,0.0075,0.0075,0.0075
6.0124,0.0075,0.0075,0.0075
6.0155,0.0075,0.0075,0.0075
6.0186,0.0075,0.0075,0.0075
6.0217,0.0075,0.0075,0.0075
6.0248,0.0075,0.0075,0.0075
6.0280,0.0075,0.0075,0.0075
6.0311,0.0075,0.0075,0.0075
6.0342,0.0075,0.0075,0.0075
6.0373,0.0075,0.0075,0.0075
6.0404,0.0075,0.0075,0.0075
6.0435,0.0075,0.0075,0.0075
6.0466,0.0075,0.0075,0.0075
6.0497,0.0075,0.0075,0.0075
6.0528,0.0075,0.0075,0.0075
6.0560,0.0075,0.0075,0.0075
6.0591,0.0075,0.0075,0.0075
6.0622,0.0075,0.0075,0.0075
6.0653,0.0075,0.0075,0.0075
6.0684,0.0075,0.0075,0.0075
6.0716,0.0075,0.0075,0.0075
6.0747,0.0075,0.0075,0.0075
6.0778,0.0075,0.0075,0.0075
6.0810,0.0075,0.0075,0.0075
6.0841,0.0075,0.0075,0.0075
6.0872,0.0075,0.0075,0.0075
6.0904,0.0075,0.0075,0.0075
6.0935,0.0075,0.0075,0.0075
6.0966,0.0075,0.0075,0.0075
6.0998,0.0075,0.0075,0.0075
6.1029,0.0075,0.0075,0.0075
6.1061,0.0075,0.0075,0.0075
6.1092,0.0075,0.0075,0.0075
6.1124,0.0075,0.0075,0.0075
6.1155,0.0075,0.0075,0.0075
6.1187,0.0075,0.0075,0.0075
6.1218,0.0075,0.0075,0.0075
6.1250,0.0075,0.0075,0.0075
6.1281,0.0075,0.0075,0.0075
6.1313,0.0075,0.0075,0.0075
6.1344,0.0075,0.0075,0.0075
6.1376,0.0075,0.0075,0.0075
6.1408,0.0075,0.0075,0.0075
6.1439,0.0075,0.0075,0.0075
6.1471,0.0075,0.0075,0.0075
6.1503,0.0075,0.0075,0.0075
6.1534,0.0075,0.0075,0.0075
6.1566,0.0075,0.0075,0.0075
6.1598,0.0075,0.0075,0.0075
6.1629,0.0075,0.0075,0.0075
6.1661,0.0075,0.0075,0.0075
6.1693,0.0075,0.0075,0.0075
6.1725,0.0075,0.0075,0.0075
6.1757,0.0075,0.0075,0.0075
6.1788,0.0075,0.0075,0.0075
6.1820,0.0075,0.0075,0.0075
6.1852,0.0075,0.0075,0.0075
6.1884,0.0075,0.0075,0.0075
6.1916,0.0075,0.0075,0.0075
6.1948,0.0075,0.0075,0.0075
6.1980,0.0075,0.0075,0.0075
6.2012,0.0075,0.0075,0.0075
6.2044,0.0075,0.0075,0.0075
6.2075,0.0075,0.0075,0.0075
6.2107,0.0075,0.0075,0.0075
6.2139,0.0075,0.0075,0.0075
6.2171,0.0075,0.0075,0.0075
6.2204,0.0075,0.0075,0.0075
6.2236,0.0075,0.0075,0.0075
6.2268,0.0075,0.0075,0.0075
6.2300,0.0075,0.0075,0.0075
6.2332,0.0075,0.0075,0.0075
6.2364,0.0075,0.0075,0.0075
6.2396,0.0075,0.0075,0.0075
6.2428,0.0075,0.0075,0.0075
6.2460,0.0075,0.0075,0.0075
6.2493,0.0075,0.0075,0.0075
6.2525,0.0075,0.0075,0.0075
6.2557,0.0075,0.0075,0.0075
6.2589,0.0075,0.0075,0.0075
6.2621,0.0075,0.0075,0.0075
6.2654,0.0075,0.0075,0.0075
6.2686,0.0075,0.0075,0.0075
6.2718,0.0075,0.0075,0.0075
6.2751,0.0075,0.0075,0.0075
6.2783,0.0075,0.0075,0.0075
6.2815,0.0075,0.0075,0.0075
6.2848,0.0075,0.0075,0.0075
6.2880,0.0075,0.0075,0.0075
6.2912,0.0075,0.0075,0.0075
6.2945,0.0075,0.0075,0.0075
6.2977,0.0075,0.0075,0.0075
6.3010,0.0075,0.0075,0.0075
6.3042,0.0075,0.0075,0.0075
6.3075,0.0075,0.0075,0.0075
6.3107,0.0075,0.0075,0.0075
6.3140,0.0075,0.0075,0.0075
6.3172,0.0075,0.0075,0.0075
6.3205,0.0075,0.0075,0.0075
6.3237,0.0075,0.0075,0.0075
6.3270,0.0075,0.0075,0.0075
6.3302,0.0075,0.0075,0.0075
6.3335,0.0075,0.0075,0.0075
6.3368,0.0075,0.0075,0.0075
6.3400,0.0075,0.0075,0.0075
6.3433,0.0075,0.0075,0.0075
6.3466,0.0075,0.0075,0.0075
6.3498,0.0075,0.0075,0.0075
6.3531,0.0075,0.0075,0.0075
6.3564,0.0075,0.0075,0.0075
6.3597,0.0075,0.0075,0.0075
6.3629,0.0075,0.0075,0.0075
6.3662,0.0075,0.0075,0.0075
6.3695,0.0075,0.0075,0.0075
6.3728,0.0075,0.0075,0.0075
6.3761,0.0075,0.0075,0.0075
6.3793,0.0075,0.0075,0.0075
6.3826,0.0075,0.0075,0.0075
6.3859,0.0075,0.0075,0.0075
6.3892,0.0075,0.0075,0.0075
6.3925,0.0075,0.0075,0.0075
6.3958,0.0075,0.0075,0.0075
6.3991,0.0075,0.0075,0.0075
6.4024,0.0075,0.0075,0.0075
6.4057,0.0075,0.0075,0.0075
6.4090,0.0075,0.0075,0.0075
6.4123,0.0075,0.0075,0.0075
6.4156,0.0075,0.0075,0.0075
6.4189,0.0075,0.0075,0.0075
6.4222,0.0075,0.0075,0.0075
6.4255,0.0075,0.0075,0.0075
6.4288,0.0075,0.0075,0.0075
6.4321,0.0075,0.0075,0.0075
6.4354,0.0075,0.0075,0.0075
6.4388,0.0075,0.0075,0.0075
6.4421,0.0075,0.0075,0.0075
6.4454,0.0075,0.0075,0.0075
6.4487,0.0075,0.0075,0.0075
6.4520,0.0075,0.0075,0.0075
6.4554,0.0075,0.0075,0.0075
6.4587,0.0075,0.0075,0.0075
6.4620,0.0075,0.0075,0.0075
6.4653,0.0075,0.0075,0.0075
6.4687,0.0075,0.0075,0.0075
6.4720,0.0075,0.0075,0.0075
6.4753,0.0075,0.0075,0.0075
6.4787,0.0075,0.0075,0.0075
6.4820,0.0075,0.0075,0.0075
6.4854,0.0075,0.0075,0.0075
6.4887,0.0075,0.0075,0.0075
6.4920,0.0075,0.0075,0.0075
6.4954,0.0075,0.0075,0.0075
6.4987,0.0075,0.0075,0.0075
6.5021,0.0075,0.0075,0.0075
6.5054,0.0075,0.0075,0.0075
6.5088,0.0075,0.0075,0.0075
6.5121,0.0075,0.0075,0.0075
6.5155,0.0075,0.0075,0.0075
6.5188,0.0075,0.0075,0.0075
6.5222,0.0075,0.0075,0.0075
6.5256,0.0075,0.0075,0.0075
6.5289,0.0075,0.0075,0.0075
6.5323,0.0075,0.0075,0.0075
6.5357,0.0075,0.0075,0.0075
6.5390,0.0075,0.0075,0.0075
6.5424,0.0075,0.0075,0.0075
6.5458,0.0075,0.0075,0.0075
6.5491,0.0075,0.0075,0.0075
6.5525,0.0075,0.0075,0.0075
6.5559,0.0075,0.0075,0.0075
6.5593,0.0075,0.0075,0.0075
6.5626,0.0075,0.0075,0.0075
6.5660,0.0075,0.0075,0.0075
6.5694,0.0075,0.0075,0.0075
6.5728,0.0075,0.0075,0.0075
6.5762,0.0075,0.0075,0.0075
6.5796,0.0075,0.0075,0.0075
6.5830,0.0075,0.0075,0.0075
6.5863,0.0075,0.0075,0.0075
6.5897,0.0075,0.0075,0.0075
6.5931,0.0075,0.0075,0.0075
6.5965,0.0075,0.0075,0.0075
6.5999,0.0075,0.0075,0.0075
6.6033,0.0075,0.0075,0.0075
6.6067,0.0075,0.0075,0.0075
6.6101,0.0075,0.0075,0.0075
6.6135,0.0075,0.0075,0.0075
6.6169,0.0075,0.0075,0.0075
6.6204,0.0075,0.0075,0.0075
6.6238,0.0075,0.0075,0.0075
6.6272,0.0075,0.0075,0.0075
6.6306,0.0075,0.0075,0.0075
6.6340,0.0075,0.0075,0.0075
6.6374,0.0075,0.0075,0.0075
6.6408,0.0075,0.0075,0.0075
6.6443,0.0075,0.0075,0.0075
6.6477,0.0075,0.0075,0.0075
6.6511,0.0075,0.0075,0.0075
6.6545,0.0075,0.0075,0.0075
6.6580,0.0075,0.0075,0.0075
6.6614,0.0075,0.0075,0.0075
6.6648,0.0075,0.0075,0.0075
6.6683,0.0075,0.0075,0.0075
6.6717,0.0075,0.0075,0.0075
6.6751,0.0075,0.0075,0.0075
6.6786,0.0075,0.0075,0.0075
6.6820,0.0075,0.0075,0.0075
6.6855,0.0075,0.0075,0.0075
6.6889,0.0075,0.0075,0.0075
6.6924,0.0075,0.0075,0.0075
6.6958,0.0075,0.0075,0.0075
6.6993,0.0075,0.0075,0.0075
6.7027,0.0075,0.0075,0.0075
6.7062,0.0075,0.0075,0.0075
6.7096,0.0075,0.0075,0.0075
6.7131,0.0075,0.0075,0.0075
6.7165,0.0075,0.0075,0.0075
6.7200,0.0075,0.0075,0.0075
6.7235,0.0075,0.0075,0.0075
6.7269,0.0075,0.0075,0.0075
6.7304,0.0075,0.0075,0.0075
6.7338,0.0075,0.0075,0.0075
6.7373,0.0075,0.0075,0.0075
6.7408,0.0075,0.0075,0.0075
6.7443,0.0075,0.0075,0.0075
6.7477,0.0075,0.0075,0.0075
6.7512,0.0075,0.0075,0.0075
6.7547,0.0075,0.0075,0.0075
6.7582,0.0075,0.0075,0.0075
6.7617,0.0075,0.0075,0.0075
6.7651,0.0075,0.0075,0.0075
6.7686,0.0075,0.0075,0.0075
6.7721,0.0075,0.0075,0.0075
6.7756,0.0075,0.0075,0.0075
6.7791,0.0075,0.0075,0.0075
6.7826,0.0075,0.0075,0.0075
6.7861,0.0075,0.0075,0.0075
6.7896,0.0075,0.0075,0.0075
6.7931,0.0075,0.0075,0.0075
6.7966,0.0075,0.0075,0.0075
6.8001,0.0075,0.0075,0.0075
6.8036,0.0075,0.0075,0.0075
6.8071,0.0075,0.0075,0.0075
6.8106,0.0075,0.0075,0.0075
6.8141,0.0075,0.0075,0.0075
6.8176,0.0075,0.0075,0.0075
6.8211,0.0075,0.0075,0.0075
6.8246,0.0075,0.0075,0.0075
6.8281,0.0075,0.0075,0.0075
6.8317,0.0075,0.0075,0.0075
6.8352,0.0075,0.0075,0.0075
6.8387,0.0075,0.0075,0.0075
6.8422,0.0075,0.0075,0.0075
6.8458,0.0075,0.0075,0.0075
6.8493,0.0075,0.0075,0.0075
6.8528,0.0075,0.0075,0.0075
6.8563,0.0075,0.0075,0.0075
6.8599,0.0075,0.0075,0.0075
6.8634,0.0075,0.0075,0.0075
6.8669,0.0075,0.0075,0.0075
6.8705,0.0075,0.0075,0.0075
6.8740,0.0075,0.0075,0.0075
6.8776,0.0075,0.0075,0.0075
6.8811,0.0075,0.0075,0.0075
6.8847,0.0075,0.0075,0.0075
6.8882,0.0075,0.0075,0.0075
6.8917,0.0075,0.0075,0.0075
6.8953,0.0075,0.0075,0.0075
6.8989,0.0075,0.0075,0.0075
6.9024,0.0075,0.0075,0.0075
6.9060,0.0075,0.0075,0.0075
6.9095,0.0075,0.0075,0.0075
6.9131,0.0075,0.0075,0.0075
6.9166,0.0075,0.0075,0.0075
6.9202,0.0075,0.0075,0.0075
6.9238,0.0075,0.0075,0.0075
6.9273,0.0075,0.0075,0.0075
6.9309,0.0075,0.0075,0.0075
6.9345,0.0075,0.0075,0.0075
6.9380,0.0075,0.0075,0.0075
6.9416,0.0075,0.0075,0.0075
6.9452,0.0075,0.0075,0.0075
6.9488,0.0075,0.0075,0.0075
6.9524,0.0075,0.0075,0.0075
6.9559,0.0075,0.0075,0.0075
6.9595,0.0075,0.0075,0.0075
6.9631,0.0075,0.0075,0.0075
6.9667,0.0075,0.0075,0.0075
6.9703,0.0075,0.0075,0.0075
6.9739,0.0075,0.0075,0.0075
6.9775,0.0075,0.0075,0.0075
6.9811,0.0075,0.0075,0.0075
6.9847,0.0075,0.0075,0.0075
6.9883,0.0075,0.0075,0.0075
6.9919,0.0075,0.0075,0.0075
6.9955,0.0075,0.0075,0.0075
6.9991,0.0075,0.0075,0.0075
7.0027,0.0075,0.0075,0.0075
7.0063,0.0075,0.0075,0.0075
7.0099,0.0075,0.0075,0.0075
7.0135,0.0075,0.0075,0.0075
7.0171,0.0075,0.0075,0.0075
7.0207,0.0075,0.0075,0.0075
7.0243,0.0075,0.0075,0.0075
7.0280,0.0075,0.0075,0.0075
7.0316,0.0075,0.0075,0.0075
7.0352,0.0075,0.0075,0.0075
7.0388,0.0075,0.0075,0.0075
7.0425,0.0075,0.0075,0.0075
7.0461,0.0075,0.0075,0.0075
7.0497,0.0075,0.0075,0.0075
7.0534,0.0075,0.0075,0.0075
7.0570,0.0075,0.0075,0.0075
7.0606,0.0075,0.0075,0.0075
7.0643,0.0075,0.0075,0.0075
7.0679,0.0075,0.0075,0.0075
7.0715,0.0075,0.0075,0.0075
7.0752,0.0075,0.0075,0.0075
7.0788,0.0075,0.0075,0.0075
7.0825,0.0075,0.0075,0.0075
7.0861,0.0075,0.0075,0.0075
7.0898,0.0075,0.0075,0.0075
7.0934,0.0075,0.0075,0.0075
7.0971,0.0075,0.0075,0.0075
7.1007,0.0075,0.0075,0.0075
7.1044,0.0075,0.0075,0.0075
7.1081,0.0075,0.0075,0.0075
7.1117,0.0075,0.0075,0.0075
7.1154,0.0075,0.0075,0.0075
7.1190,0.0075,0.0075,0.0075
7.1227,0.0075,0.0075,0.0075
7.1264,0.0075,0.0075,0.0075
7.1301,0.0075,0.0075,0.0075
7.1337,0.0075,0.0075,0.0075
7.1374,0.0075,0.0075,0.0075
7.1411,0.0075,0.0075,0.0075
7.1448,0.0075,0.0075,0.0075
7.1484,0.0075,0.0075,0.0075
7.1521,0.0075,0.0075,0.0075
7.1558,0.0075,0.0075,0.0075
7.1595,0.0075,0.0075,0.0075
7.1632,0.0075,0.0075,0.0075
7.1669,0.0075,0.0075,0.0075
7.1706,0.0075,0.0075,0.0075
7.1743,0.0075,0.0075,0.0075
7.1780,0.0075,0.0075,0.0075
7.1817,0.0075,0.0075,0.0075
7.1854,0.0075,0.0075,0.0075
7.1891,0.0075,0.0075,0.0075
7.1928,0.0075,0.0075,0.0075
7.1965,0.0075,0.0075,0.0075
7.2002,0.0075,0.0075,0.0075
7.2039,0.0075,0.0075,0.0075
7.2076,0.0075,0.0075,0.0075
7.2113,0.0075,0.0075,0.0075
7.2150,0.0075,0.0075,0.0075
7.2187,0.0075,0.0075,0.0075
7.2225,0.0075,0.0075,0.0075
7.2262,0.0075,0.0075,0.0075
7.2299,0.0075,0.0075,0.0075
7.2336,0.0075,0.0075,0.0075
7.2374,0.0075,0.0075,0.0075
7.2411,0.0075,0.0075,0.0075
7.2448,0.0075,0.0075,0.0075
7.2485,0.0075,0.0075,0.0075
7.2523,0.0075,0.0075,0.0075
7.2560,0.0075,0.0075,0.0075
7.2598,0.0075,0.0075,0.0075
7.2635,0.0075,0.0075,0.0075
7.2672,0.0075,0.0075,0.0075
7.2710,0.0075,0.0075,0.0075
7.2747,0.0075,0.0075,0.0075
7.2785,0.0075,0.0075,0.0075
7.2822,0.0075,0.0075,0.0075
7.2860,0.0075,0.0075,0.0075
7.2897,0.0075,0.0075,0.0075
7.2935,0.0075,0.0075,0.0075
7.2972,0.0075,0.0075,0.0075
7.3010,0.0075,0.0075,0.0075
7.3048,0.0075,0.0075,0.0075
7.3085,0.0075,0.0075,0.0075
7.3123,0.0075,0.0075,0.0075
7.3161,0.0075,0.0075,0.0075
7.3198,0.0075,0.0075,0.0075
7.3236,0.0075,0.0075,0.0075
7.3274,0.0075,0.0075,0.0075
7.3312,0.0075,0.0075,0.0075
7.3349,0.0075,0.0075,0.0075
7.3387,0.0075,0.0075,0.0075
7.3425,0.0075,0.0075,0.0075
7.3463,0.0075,0.0075,0.0075
7.3501,0.0075,0.0075,0.0075
7.3538,0.0075,0.0075,0.0075
7.3576,0.0075,0.0075,0.0075
7.3614,0.0075,0.0075,0.0075
7.3652,0.0075,0.0075,0.0075
7.3690,0.0075,0.0075,0.0075
7.3728,0.0075,0.0075,0.0075
7.3766,0.0075,0.0075,0.0075
7.3804,0.0075,0.0075,0.0075
7.3842,0.0075,0.0075,0.0075
7.3880,0.0075,0.0075,0.0075
7.3918,0.0075,0.0075,0.0075
7.3956,0.0075,0.0075,0.0075
7.3994,0.0075,0.0075,0.0075
7.4033,0.0075,0.0075,0.0075
7.4071,0.0075,0.0075,0.0075
7.4109,0.0075,0.0075,0.0075
7.4147,0.0075,0.0075,0.0075
7.4185,0.0075,0.0075,0.0075
7.4223,0.0075,0.0075,0.0075
7.4262,0.0075,0.0075,0.0075
7.4300,0.0075,0.0075,0.0075
7.4338,0.0075,0.0075,0.0075
7.4376,0.0075,0.0075,0.0075
7.4415,0.0075,0.0075,0.0075
7.4453,0.0075,0.0075,0.0075
7.4492,0.0075,0.0075,0.0075
7.4530,0.0075,0.0075,0.0075
7.4568,0.0075,0.0075,0.0075
7.4607,0.0075,0.0075,0.0075
7.4645,0.0075,0.0075,0.0075
7.4684,0.0075,0.0075,0.0075
7.4722,0.0075,0.0075,0.0075
7.4761,0.0075,0.0075,0.0075
7.4799,0.0075,0.0075,0.0075
7.4838,0.0075,0.0075,0.0075
7.4876,0.0075,0.0075,0.0075
7.4915,0.0075,0.0075,0.0075
7.4953,0.0075,0.0075,0.0075
7.4992,0.0075,0.0075,0.0075
7.5031,0.0075,0.0075,0.0075
7.5069,0.0075,0.0075,0.0075
7.5108,0.0075,0.0075,0.0075
7.5147,0.0075,0.0075,0.0075
7.5185,0.0075,0.0075,0.0075
7.5224,0.0075,0.0075,0.0075
7.5263,0.0075,0.0075,0.0075
7.5302,0.0075,0.0075,0.0075
7.5340,0.0075,0.0075,0.0075
7.5379,0.0075,0.0075,0.0075
7.5418,0.0075,0.0075,0.0075
7.5457,0.0075,0.0075,0.0075
7.5496,0.0075,0.0075,0.0075
7.5535,0.0075,0.0075,0.0075
7.5574,0.0075,0.0075,0.0075
7.5613,0.0075,0.0075,0.0075
7.5651,0.0075,0.0075,0.0075
7.5690,0.0075,0.0075,0.0075
7.5729,0.0075,0.0075,0.0075
7.5768,0.0075,0.0075,0.0075
7.5808,0.0075,0.0075,0.0075
7.5847,0.0075,0.0075,0.0075
7.5886,0.0075,0.0075,0.0075
7.5925,0.0075,0.0075,0.0075
7.5964,0.0075,0.0075,0.0075
7.6003,0.0075,0.0075,0.0075
7.6042,0.0075,0.0075,0.0075
7.6081,0.0075,0.0075,0.0075
7.6121,0.0075,0.0075,0.0075
7.6160,0.0075,0.0075,0.0075
7.6199,0.0075,0.0075,0.0075
7.6238,0.0075,0.0075,0.0075
7.6278,0.0075,0.0075,0.0075
7.6317,0.0075,0.0075,0.0075
7.6356,0.0075,0.0075,0.0075
7.6395,0.0075,0.0075,0.0075
7.6435,0.0075,0.0075,0.0075
7.6474,0.0075,0.0075,0.0075
7.6514,0.0075,0.0075,0.0075
7.6553,0.0075,0.0075,0.0075
7.6592,0.0075,0.0075,0.0075
7.6632,0.0075,0.0075,0.0075
7.6671,0.0075,0.0075,0.0075
7.6711,0.0075,0.0075,0.0075
7.6750,0.0075,0.0075,0.0075
7.6790,0.0075,0.0075,0.0075
7.6830,0.0075,0.0075,0.0075
7.6869,0.0075,0.0075,0.0075
7.6909,0.0075,0.0075,0.0075
7.6948,0.0075,0.0075,0.0075
7.6988,0.0075,0.0075,0.0075
7.7028,0.0075,0.0075,0.0075
7.7067,0.0075,0.0075,0.0075
7.7107,0.0075,0.0075,0.0075
7.7147,0.0075,0.0075,0.0075
7.7187,0.0075,0.0075,0.0075
7.7226,0.0075,0.0075,0.0075
7.7266,0.0075,0.0075,0.0075
7.7306,0.0075,0.0075,0.0075
7.7346,0.0075,0.0075,0.0075
7.7386,0.0075,0.0075,0.0075
7.7425,0.0075,0.0075,0.0075
7.7465,0.0075,0.0075,0.0075
7.7505,0.0075,0.0075,0.0075
7.7545,0.0075,0.0075,0.0075
7.7585,0.0075,0.0075,0.0075
7.7625,0.0075,0.0075,0.0075
7.7665,0.0075,0.0075,0.0075
7.7705,0.0075,0.0075,0.0075
7.7745,0.0075,0.0075,0.0075
7.7785,0.0075,0.0075,0.0075
7.7825,0.0075,0.0075,0.0075
7.7865,0.0075,0.0075,0.0075
7.7905,0.0075,0.0075,0.0075
7.7946,0.0075,0.0075,0.0075
7.7986,0.0075,0.0075,0.0075
7.8026,0.0075,0.0075,0.0075
7.8066,0.0075,0.0075,0.0075
7.8106,0.0075,0.0075,0.0075
7.8147,0.0075,0.0075,0.0075
7.8187,0.0075,0.0075,0.0075
7.8227,0.0075,0.0075,0.0075
7.8267,0.0075,0.0075,0.0075
7.8308,0.0075,0.0075,0.0075
7.8348,0.0075,0.0075,0.0075
7.8388,0.0075,0.0075,0.0075
7.8429,0.0075,0.0075,0.0075
7.8469,0.0075,0.0075,0.0075
7.8510,0.0075,0.0075,0.0075
7.8550,0.0075,0.0075,0.0075
7.8591,0.0075,0.0075,0.0075
7.8631,0.0075,0.0075,0.0075
7.8672,0.0075,0.0075,0.0075
7.8712,0.0075,0.0075,0.0075
7.8753,0.0075,0.0075,0.0075
7.8793,0.0075,0.0075,0.0075
7.8834,0.0075,0.0075,0.0075
7.8874,0.0075,0.0075,0.0075
7.8915,0.0075,0.0075,0.0075
7.8956,0.0075,0.0075,0.0075
7.8996,0.0075,0.0075,0.0075
7.9037,0.0075,0.0075,0.0075
7.9078,0.0075,0.0075,0.0075
7.9119,0.0075,0.0075,0.0075
7.9159,0.0075,0.0075,0.0075
7.9200,0.0075,0.0075,0.0075
7.9241,0.0075,0.0075,0.0075
7.9282,0.0075,0.0075,0.0075
7.9323,0.0075,0.0075,0.0075
7.9363,0.0075,0.0075,0.0075
7.9404,0.0075,0.0075,0.0075
7.9445,0.0075,0.0075,0.0075
7.9486,0.0075,0.0075,0.0075
7.9527,0.0075,0.0075,0.0075
7.9568,0.0075,0.0075,0.0075
7.9609,0.0075,0.0075,0.0075
7.9650,0.0075,0.0075,0.0075
7.9691,0.0075,0.0075,0.0075
7.9732,0.0075,0.0075,0.0075
7.9773,0.0075,0.0075,0.0075
7.9814,0.0075,0.0075,0.0075
7.9856,0.0075,0.0075,0.0075
7.9897,0.0075,0.0075,0.0075
7.9938,0.0075,0.0075,0.0075
7.9979,0.0075,0.0075,0.0075
8.0020,0.0075,0.0075,0.0075
8.0061,0.0075,0.0075,0.0075
8.0103,0.0075,0.0075,0.0075
8.0144,0.0075,0.0075,0.0075
8.0185,0.0075,0.0075,0.0075
8.0227,0.0075,0.0075,0.0075
8.0268,0.0075,0.0075,0.0075
8.0309,0.0075,0.0075,0.0075
8.0351,0.0075,0.0075,0.0075
8.0392,0.0075,0.0075,0.0075
8.0433,0.0075,0.0075,0.0075
8.0475,0.0075,0.0075,0.0075
8.0516,0.0075,0.0075,0.0075
8.0558,0.0075,0.0075,0.0075
8.0599,0.0075,0.0075,0.0075
8.0641,0.0075,0.0075,0.0075
8.0682,0.0075,0.0075,0.0075
8.0724,0.0075,0.0075,0.0075
8.0766,0.0075,0.0075,0.0075
8.0807,0.0075,0.0075,0.0075
8.0849,0.0075,0.0075,0.0075
8.0890,0.0075,0.0075,0.0075
8.0932,0.0075,0.0075,0.0075
8.0974,0.0075,0.0075,0.0075
8.1016,0.0075,0.0075,0.0075
8.1057,0.0075,0.0075,0.0075
8.1099,0.0075,0.0075,0.0075
8.1141,0.0075,0.0075,0.0075
8.1183,0.0075,0.0075,0.0075
8.1224,0.0075,0.0075,0.0075
8.1266,0.0075,0.0075,0.0075
8.1308,0.0075,0.0075,0.0075
8.1350,0.0075,0.0075,0.0075
8.1392,0.0075,0.0075,0.0075
8.1434,0.0075,0.0075,0.0075
8.1476,0.0075,0.0075,0.0075
8.1518,0.0075,0.0075,0.0075
8.1560,0.0075,0.0075,0.0075
8.1602,0.0075,0.0075,0.0075
8.1644,0.0075,0.0075,0.0075
8.1686,0.0075,0.0075,0.0075
8.1728,0.0075,0.0075,0.0075
8.1770,0.0075,0.0075,0.0075
8.1812,0.0075,0.0075,0.0075
8.1854,0.0075,0.0075,0.0075
8.1897,0.0075,0.0075,0.0075
8.1939,0.0075,0.0075,0.0075
8.1981,0.0075,0.0075,0.0075
8.2023,0.0075,0.0075,0.0075
8.2065,0.0075,0.0075,0.0075
8.2108,0.0075,0.0075,0.0075
8.2150,0.0075,0.0075,0.0075
8.2192,0.0075,0.0075,0.0075
8.2235,0.0075,0.0075,0.0075
8.2277,0.0075,0.0075,0.0075
8.2320,0.0075,0.0075,0.0075
8.2362,0.0075,0.0075,0.0075
8.2404,0.0075,0.0075,0.0075
8.2447,0.0075,0.0075,0.0075
8.2489,0.0075,0.0075,0.0075
8.2532,0.0075,0.0075,0.0075
8.2574,0.0075,0.0075,0.0075
8.2617,0.0075,0.0075,0.0075
8.2659,0.0075,0.0075,0.0075
8.2702,0.0075,0.0075,0.0075
8.2745,0.0075,0.0075,0.0075
8.2787,0.0075,0.0075,0.0075
8.2830,0.0075,0.0075,0.0075
8.2873,0.0075,0.0075,0.0075
8.2915,0.0075,0.0075,0.0075
8.2958,0.0075,0.0075,0.0075
8.3001,0.0075,0.0075,0.0075
8.3043,0.0075,0.0075,0.0075
8.3086,0.0075,0.0075,0.0075
8.3129,0.0075,0.0075,0.0075
8.3172,0.0075,0.0075,0.0075
8.3215,0.0075,0.0075,0.0075
8.3258,0.0075,0.0075,0.0075
8.3301,0.0075,0.0075,0.0075
8.3343,0.0075,0.0075,0.0075
8.3386,0.0075,0.0075,0.0075
8.3429,0.0075,0.0075,0.0075
8.3472,0.0075,0.0075,0.0075
8.3515,0.0075,0.0075,0.0075
8.3558,0.0075,0.0075,0.0075
8.3601,0.0075,0.0075,0.0075
8.3644,0.0075,0.0075,0.0075
8.3688,0.0075,0.0075,0.0075
8.3731,0.0075,0.0075,0.0075
8.3774,0.0075,0.0075,0.0075
8.3817,0.0075,0.0075,0.0075
8.3860,0.0075,0.0075,0.0075
8.3903,0.0075,0.0075,0.0075
8.3947,0.0075,0.0075,0.0075
8.3990,0.0075,0.0075,0.0075
8.4033,0.0075,0.0075,0.0075
8.4076,0.0075,0.0075,0.0075
8.4120,0.0075,0.0075,0.0075
8.4163,0.0075,0.0075,0.0075
8.4206,0.0075,0.0075,0.0075
8.4250,0.0075,0.0075,0.0075
8.4293,0.0075,0.0075,0.0075
8.4337,0.0075,0.0075,0.0075
8.4380,0.0075,0.0075,0.0075
8.4424,0.0075,0.0075,0.0075
8.4467,0.0075,0.0075,0.0075
8.4511,0.0075,0.0075,0.0075
8.4554,0.0075,0.0075,0.0075
8.4598,0.0075,0.0075,0.0075
8.4641,0.0075,0.0075,0.0075
8.4685,0.0075,0.0075,0.0075
8.4728,0.0075,0.0075,0.0075
8.4772,0.0075,0.0075,0.0075
8.4816,0.0075,0.0075,0.0075
8.4860,0.0075,0.0075,0.0075
8.4903,0.0075,0.0075,0.0075
8.4947,0.0075,0.0075,0.0075
8.4991,0.0075,0.0075,0.0075
8.5035,0.0075,0.0075,0.0075
8.5078,0.0075,0.0075,0.0075
8.5122,0.0075,0.0075,0.0075
8.5166,0.0075,0.0075,0.0075
8.5210,0.0075,0.0075,0.0075
8.5254,0.0075,0.0075,0.0075
8.5298,0.0075,0.0075,0.0075
8.5342,0.0075,0.0075,0.0075
8.5386,0.0075,0.0075,0.0075
8.5430,0.0075,0.0075,0.0075
8.5474,0.0075,0.0075,0.0075
8.5518,0.0075,0.0075,0.0075
8.5562,0.0075,0.0075,0.0075
8.5606,0.0075,0.0075,0.0075
8.5650,0.0075,0.0075,0.0075
8.5694,0.0075,0.0075,0.0075
8.5738,0.0075,0.0075,0.0075
8.5782,0.0075,0.0075,0.0075
8.5827,0.0075,0.0075,0.0075
8.5871,0.0075,0.0075,0.0075
8.5915,0.0075,0.0075,0.0075
8.5959,0.0075,0.0075,0.0075
8.6004,0.0075,0.0075,0.0075
8.6048,0.0075,0.0075,0.0075
8.6092,0.0075,0.0075,0.0075
8.6137,0.0075,0.0075,0.0075
8.6181,0.0075,0.0075,0.0075
8.6225,0.0075,0.0075,0.0075
8.6270,0.0075,0.0075,0.0075
8.6314,0.0075,0.0075,0.0075
8.6359,0.0075,0.0075,0.0075
8.6403,0.0075,0.0075,0.0075
8.6448,0.0075,0.0075,0.0075
8.6492,0.0075,0.0075,0.0075
8.6537,0.0075,0.0075,0.0075
8.6581,0.0075,0.0075,0.0075
8.6626,0.0075,0.0075,0.0075
8.6671,0.0075,0.0075,0.0075
8.6715,0.0075,0.0075,0.0075
8.6760,0.0075,0.0075,0.0075
8.6805,0.0075,0.0075,0.0075
8.6849,0.0075,0.0075,0.0075
8.6894,0.0075,0.0075,0.0075
8.6939,0.0075,0.0075,0.0075
8.6984,0.0075,0.0075,0.0075
8.7028,0.0075,0.0075,0.0075
8.7073,0.0075,0.0075,0.0075
8.7118,0.0075,0.0075,0.0075
8.7163,0.0075,0.0075,0.0075
8.7208,0.0075,0.0075,0.0075
8.7253,0.0075,0.0075,0.0075
8.7298,0.0075,0.0075,0.0075
8.7343,0.0075,0.0075,0.0075
8.7388,0.0075,0.0075,0.0076
8.7433,0.0075,0.0075,0.0076
8.7478,0.0075,0.0075,0.0076
8.7523,0.0075,0.0075,0.0076
8.7568,0.0075,0.0075,0.0076
8.7613,0.0075,0.0075,0.0076
8.7658,0.0075,0.0075,0.0076
8.7703,0.0075,0.0075,0.0076
8.7749,0.0075,0.0075,0.0076
8.7794,0.0075,0.0075,0.0076
8.7839,0.0075,0.0075,0.0076
8.7884,0.0075,0.0075,0.0076
8.7930,0.0075,0.0075,0.0076
8.7975,0.0075,0.0075,0.0076
8.8020,0.0075,0.0075,0.0076
8.8066,0.0075,0.0075,0.0076
8.8111,0.0075,0.0075,0.0076
8.8156,0.0075,0.0075,0.0076
8.8202,0.0075,0.0075,0.0076
8.8247,0.0075,0.0075,0.0076
8.8293,0.0075,0.0075,0.0076
8.8338,0.0075,0.0075,0.0076
8.8384,0.0075,0.0075,0.0076
8.8429,0.0075,0.0075,0.0076
8.8475,0.0075,0.0075,0.0076
8.8520,0.0075,0.0075,0.0076
8.8566,0.0075,0.0075,0.0076
8.8612,0.0075,0.0075,0.0076
8.8657,0.0075,0.0075,0.0076
8.8703,0.0075,0.0075,0.0076
8.8749,0.0075,0.0075,0.0076
8.8794,0.0075,0.0075,0.0076
8.8840,0.0075,0.0075,0.0076
8.8886,0.0075,0.0075,0.0076
8.8932,0.0075,0.0075,0.0076
8.8977,0.0075,0.0075,0.0076
8.9023,0.0075,0.0075,0.0076
8.9069,0.0075,0.0075,0.0076
8.9115,0.0075,0.0075,0.0076
8.9161,0.0075,0.0075,0.0076
8.9207,0.0075,0.0075,0.0076
8.9253,0.0075,0.0075,0.0076
8.9299,0.0075,0.0075,0.0076
8.9345,0.0075,0.0075,0.0076
8.9391,0.0075,0.0075,0.0076
8.9437,0.0075,0.0075,0.0076
8.9483,0.0075,0.0075,0.0076
8.9529,0.0075,0.0075,0.0076
8.9575,0.0075,0.0075,0.0076
8.9621,0.0075,0.0075,0.0076
8.9668,0.0075,0.0075,0.0076
8.9714,0.0075,0.0075,0.0076
8.9760,0.0075,0.0075,0.0076
8.9806,0.0075,0.0075,0.0076
8.9853,0.0075,0.0075,0.0076
8.9899,0.0075,0.0075,0.0076
8.9945,0.0075,0.0075,0.0076
8.9991,0.0075,0.0075,0.0076
9.0038,0.0075,0.0075,0.0076
9.0084,0.0075,0.0075,0.0076
9.0131,0.0075,0.0075,0.0076
9.0177,0.0075,0.0075,0.0076
9.0224,0.0075,0.0075,0.0076
9.0270,0.0075,0.0075,0.0076
9.0317,0.0075,0.0075,0.0076
9.0363,0.0075,0.0075,0.0076
9.0410,0.0075,0.0075,0.0076
9.0456,0.0075,0.0075,0.0076
9.0503,0.0075,0.0075,0.0076
9.0549,0.0075,0.0075,0.0076
9.0596,0.0075,0.0075,0.0076
9.0643,0.0075,0.0075,0.0076
9.0689,0.0075,0.0075,0.0076
9.0736,0.0075,0.0075,0.0076
9.0783,0.0075,0.0075,0.0076
9.0830,0.0075,0.0075,0.0076
9.0876,0.0075,0.0075,0.0076
9.0923,0.0075,0.0075,0.0076
9.0970,0.0075,0.0075,0.0076
9.1017,0.0075,0.0075,0.0076
9.1064,0.0075,0.0075,0.0075
9.1111,0.0075,0.0075,0.0075
9.1158,0.0075,0.0075,0.0075
9.1205,0.0075,0.0075,0.0075
9.1252,0.0075,0.0075,0.0075
9.1299,0.0075,0.0075,0.0075
9.1346,0.0075,0.0075,0.0075
9.1393,0.0075,0.0075,0.0075
9.1440,0.0075,0.0075,0.0075
9.1487,0.0075,0.0075,0.0075
9.1534,0.0075,0.0075,0.0075
9.1581,0.0075,0.0075,0.0075
9.1628,0.0075,0.0075,0.0075
9.1676,0.0075,0.0075,0.0075
9.1723,0.0075,0.0075,0.0075
9.1770,0.0075,0.0075,0.0075
9.1817,0.0075,0.0075,0.0075
9.1865,0.0075,0.0075,0.0075
9.1912,0.0075,0.0075,0.0075
9.1959,0.0075,0.0075,0.0075
9.2007,0.0075,0.0075,0.0075
9.2054,0.0075,0.0075,0.0075
9.2102,0.0075,0.0075,0.0075
9.2149,0.0075,0.0075,0.0075
9.2197,0.0075,0.0075,0.0075
9.2244,0.0075,0.0075,0.0075
9.2292,0.0075,0.0075,0.0075
9.2339,0.0075,0.0075,0.0075
9.2387,0.0075,0.0075,0.0075
9.2434,0.0075,0.0075,0.0075
9.2482,0.0075,0.0075,0.0075
9.2530,0.0075,0.0075,0.0075
9.2577,0.0075,0.0075,0.0075
9.2625,0.0075,0.0075,0.0075
9.2673,0.0075,0.0075,0.0075
9.2720,0.0075,0.0075,0.0075
9.2768,0.0075,0.0075,0.0075
9.2816,0.0075,0.0075,0.0075
9.2864,0.0075,0.0075,0.0075
9.2912,0.0075,0.0075,0.0075
9.2960,0.0075,0.0075,0.0075
9.3007,0.0075,0.0075,0.0075
9.3055,0.0075,0.0075,0.0075
9.3103,0.0075,0.0075,0.0075
9.3151,0.0075,0.0075,0.0075
9.3199,0.0075,0.0075,0.0075
9.3247,0.0075,0.0075,0.0075
9.3295,0.0075,0.0075,0.0075
9.3343,0.0075,0.0075,0.0075
9.3391,0.0075,0.0075,0.0075
9.3440,0.0075,0.0075,0.0075
9.3488,0.0075,0.0075,0.0075
9.3536,0.0075,0.0075,0.0075
9.3584,0.0075,0.0075,0.0075
9.3632,0.0075,0.0075,0.0075
9.3680,0.0075,0.0075,0.0075
9.3729,0.0075,0.0075,0.0075
9.3777,0.0075,0.0075,0.0075
9.3825,0.0075,0.0075,0.0075
9.3874,0.0075,0.0075,0.0075
9.3922,0.0075,0.0075,0.0075
9.3970,0.0075,0.0075,0.0075
9.4019,0.0075,0.0075,0.0075
9.4067,0.0075,0.0075,0.0075
9.4116,0.0075,0.0075,0.0075
9.4164,0.0075,0.0075,0.0075
9.4213,0.0075,0.0075,0.0075
9.4261,0.0075,0.0075,0.0075
9.4310,0.0075,0.0075,0.0075
9.4358,0.0075,0.0075,0.0075
9.4407,0.0075,0.0074,0.0075
9.4456,0.0074,0.0074,0.0074
9.4504,0.0074,0.0073,0.0074
9.4553,0.0072,0.0071,0.0072
9.4602,0.0024,0.0023,0.0026
9.4651,0.0080,0.0080,0.0080
9.4699,0.0078,0.0078,0.0078
9.4748,0.0077,0.0077,0.0077
9.4797,0.0077,0.0077,0.0077
9.4846,0.0076,0.0076,0.0077
9.4895,0.0076,0.0076,0.0076
9.4943,0.0076,0.0076,0.0076
9.4992,0.0076,0.0076,0.0076
9.5041,0.0076,0.0076,0.0076
9.5090,0.0076,0.0076,0.0076
9.5139,0.0076,0.0076,0.0076
9.5188,0.0076,0.0076,0.0076
9.5237,0.0076,0.0076,0.0076
9.5286,0.0076,0.0076,0.0076
9.5336,0.0076,0.0076,0.0076
9.5385,0.0076,0.0076,0.0076
9.5434,0.0076,0.0076,0.0076
9.5483,0.0076,0.0076,0.0076
9.5532,0.0076,0.0076,0.0076
9.5581,0.0076,0.0076,0.0076
9.5631,0.0076,0.0076,0.0076
9.5680,0.0076,0.0076,0.0076
9.5729,0.0076,0.0076,0.0076
9.5778,0.0076,0.0076,0.0076
9.5828,0.0076,0.0076,0.0076
9.5877,0.0076,0.0076,0.0076
9.5927,0.0076,0.0076,0.0076
9.5976,0.0076,0.0076,0.0076
9.6025,0.0076,0.0076,0.0076
9.6075,0.0076,0.0076,0.0076
9.6124,0.0076,0.0076,0.0076
9.6174,0.0076,0.0076,0.0076
9.6223,0.0076,0.0076,0.0076
9.6273,0.0076,0.0076,0.0076
9.6323,0.0076,0.0076,0.0076
9.6372,0.0076,0.0076,0.0076
9.6422,0.0076,0.0076,0.0076
9.6472,0.0076,0.0076,0.0076
9.6521,0.0076,0.0076,0.0076
9.6571,0.0076,0.0076,0.0076
9.6621,0.0076,0.0076,0.0076
9.6671,0.0076,0.0076,0.0076
9.6720,0.0076,0.0076,0.0076
9.6770,0.0076,0.0076,0.0076
9.6820,0.0076,0.0076,0.0076
9.6870,0.0076,0.0076,0.0076
9.6920,0.0076,0.0076,0.0076
9.6970,0.0076,0.0076,0.0076
9.7020,0.0076,0.0076,0.0076
9.7070,0.0076,0.0076,0.0076
9.7120,0.0076,0.0076,0.0076
9.7170,0.0076,0.0076,0.0076
9.7220,0.0076,0.0076,0.0076
9.7270,0.0076,0.0076,0.0076
9.7320,0.0076,0.0076,0.0076
9.7370,0.0076,0.0076,0.0076
9.7420,0.0076,0.0076,0.0076
9.7471,0.0076,0.0076,0.0076
9.7521,0.0076,0.0076,0.0076
9.7571,0.0076,0.0076,0.0076
9.7621,0.0076,0.0076,0.0076
9.7672,0.0076,0.0076,0.0076
9.7722,0.0076,0.0076,0.0076
9.7772,0.0076,0.0076,0.0076
9.7823,0.0076,0.0076,0.0076
9.7873,0.0076,0.0076,0.0076
9.7923,0.0076,0.0076,0.0076
9.7974,0.0076,0.0076,0.0076
9.8024,0.0076,0.0076,0.0076
9.8075,0.0076,0.0076,0.0076
9.8125,0.0076,0.0076,0.0076
9.8176,0.0076,0.0076,0.0076
9.8227,0.0076,0.0076,0.0076
9.8277,0.0076,0.0076,0.0076
9.8328,0.0076,0.0076,0.0076
9.8378,0.0076,0.0076,0.0076
9.8429,0.0076,0.0076,0.0076
9.8480,0.0076,0.0076,0.0076
9.8531,0.0076,0.0076,0.0076
9.8581,0.0076,0.0076,0.0076
9.8632,0.0076,0.0076,0.0076
9.8683,0.0076,0.0076,0.0076
9.8734,0.0076,0.0076,0.0076
9.8785,0.0076,0.0076,0.0076
9.8836,0.0076,0.0076,0.0076
9.8886,0.0076,0.0076,0.0076
9.8937,0.0076,0.0076,0.0076
9.8988,0.0076,0.0076,0.0076
9.9039,0.0076,0.0076,0.0076
9.9090,0.0076,0.0076,0.0076
9.9141,0.0076,0.0076,0.0076
9.9193,0.0076,0.0076,0.0076
9.9244,0.0076,0.0075,0.0076
9.9295,0.0076,0.0075,0.0076
9.9346,0.0076,0.0075,0.0076
9.9397,0.0076,0.0075,0.0076
9.9448,0.0076,0.0075,0.0076
9.9500,0.0075,0.0075,0.0076
9.9551,0.0075,0.0075,0.0076
9.9602,0.0075,0.0075,0.0076
9.9653,0.0075,0.0075,0.0075
9.9705,0.0075,0.0075,0.0075
9.9756,0.0075,0.0075,0.0075
9.9807,0.0075,0.0075,0.0075
9.9859,0.0075,0.0075,0.0075
9.9910,0.0075,0.0075,0.0075
9.9962,0.0075,0.0075,0.0075
10.0010,0.0075,0.0075,0.0075
10.0060,0.0075,0.0075,0.0075
10.0120,0.0075,0.0075,0.0075
10.0170,0.0074,0.0074,0.0075
10.0220,0.0069,0.0068,0.0070
10.0270,0.0078,0.0077,0.0079
10.0320,0.0077,0.0076,0.0077
10.0370,0.0076,0.0076,0.0076
10.0430,0.0076,0.0076,0.0076
10.0480,0.0076,0.0076,0.0076
10.0530,0.0076,0.0076,0.0076
10.0580,0.0076,0.0076,0.0076
10.0630,0.0076,0.0076,0.0076
10.0690,0.0076,0.0076,0.0076
10.0740,0.0076,0.0076,0.0076
10.0790,0.0076,0.0076,0.0076
10.0840,0.0076,0.0076,0.0076
10.0890,0.0076,0.0076,0.0076
10.0940,0.0076,0.0076,0.0076
10.1000,0.0076,0.0076,0.0076
10.1050,0.0076,0.0076,0.0076
10.1100,0.0076,0.0076,0.0076
10.1150,0.0076,0.0076,0.0076
10.1210,0.0076,0.0076,0.0076
10.1260,0.0076,0.0076,0.0076
10.1310,0.0076,0.0076,0.0076
10.1360,0.0076,0.0076,0.0076
10.1410,0.0076,0.0076,0.0076
10.1470,0.0076,0.0076,0.0076
10.1520,0.0076,0.0076,0.0076
10.1570,0.0076,0.0076,0.0076
10.1620,0.0076,0.0076,0.0076
10.1680,0.0076,0.0076,0.0076
10.1730,0.0076,0.0076,0.0076
10.1780,0.0076,0.0076,0.0076
10.1830,0.0076,0.0076,0.0076
10.1890,0.0076,0.0076,0.0076
10.1940,0.0076,0.0076,0.0076
10.1990,0.0076,0.0076,0.0076
10.2040,0.0076,0.0076,0.0076
10.2100,0.0076,0.0076,0.0076
10.2150,0.0076,0.0076,0.0076
10.2200,0.0076,0.0076,0.0076
10.2250,0.0076,0.0076,0.0076
10.2310,0.0076,0.0076,0.0076
10.2360,0.0076,0.0076,0.0076
10.2410,0.0076,0.0076,0.0076
10.2460,0.0076,0.0076,0.0076
10.2520,0.0076,0.0076,0.0076
10.2570,0.0076,0.0076,0.0076
10.2620,0.0076,0.0076,0.0076
10.2680,0.0076,0.0076,0.0076
10.2730,0.0076,0.0076,0.0076
10.2780,0.0076,0.0076,0.0076
10.2830,0.0076,0.0076,0.0076
10.2890,0.0076,0.0076,0.0076
10.2940,0.0076,0.0076,0.0076
10.2990,0.0076,0.0076,0.0076
10.3050,0.0076,0.0075,0.0076
10.3100,0.0076,0.0075,0.0076
10.3150,0.0075,0.0075,0.0076
10.3210,0.0075,0.0075,0.0075
10.3260,0.0075,0.0075,0.0075
10.3310,0.0075,0.0075,0.0075
10.3370,0.0075,0.0075,0.0075
10.3420,0.0075,0.0075,0.0075
10.3470,0.0075,0.0075,0.0075
10.3520,0.0073,0.0073,0.0074
10.3580,0.0078,0.0078,0.0079
10.3630,0.0076,0.0076,0.0077
10.3690,0.0076,0.0076,0.0076
10.3740,0.0076,0.0076,0.0076
10.3790,0.0076,0.0076,0.0076
10.3850,0.0076,0.0076,0.0076
10.3900,0.0076,0.0076,0.0076
10.3950,0.0076,0.0076,0.0076
10.4010,0.0076,0.0076,0.0076
10.4060,0.0076,0.0076,0.0076
10.4110,0.0076,0.0076,0.0076
10.4170,0.0076,0.0076,0.0076
10.4220,0.0076,0.0076,0.0076
10.4270,0.0076,0.0076,0.0076
10.4330,0.0076,0.0076,0.0076
10.4380,0.0076,0.0076,0.0076
10.4440,0.0076,0.0076,0.0076
10.4490,0.0076,0.0076,0.0076
10.4540,0.0076,0.0076,0.0076
10.4600,0.0076,0.0076,0.0076
10.4650,0.0076,0.0076,0.0076
10.4700,0.0076,0.0076,0.0076
10.4760,0.0076,0.0076,0.0076
10.4810,0.0076,0.0076,0.0076
10.4870,0.0076,0.0076,0.0076
10.4920,0.0076,0.0076,0.0076
10.4970,0.0076,0.0076,0.0076
10.5030,0.0076,0.0076,0.0076
10.5080,0.0076,0.0076,0.0076
10.5140,0.0076,0.0076,0.0076
10.5190,0.0076,0.0076,0.0076
10.5250,0.0076,0.0076,0.0076
10.5300,0.0076,0.0076,0.0076
10.5350,0.0076,0.0076,0.0076
10.5410,0.0076,0.0076,0.0076
10.5460,0.0076,0.0076,0.0076
10.5520,0.0076,0.0075,0.0076
10.5570,0.0075,0.0075,0.0076
10.5630,0.0075,0.0075,0.0076
10.5680,0.0075,0.0075,0.0075
10.5730,0.0075,0.0075,0.0076
10.5790,0.0076,0.0076,0.0076
10.5840,0.0076,0.0076,0.0076
10.5900,0.0076,0.0076,0.0076
10.5950,0.0076,0.0076,0.0076
10.6010,0.0076,0.0076,0.0076
10.6060,0.0076,0.0076,0.0076
10.6120,0.0076,0.0076,0.0076
10.6170,0.0076,0.0076,0.0076
10.6230,0.0076,0.0076,0.0076
10.6280,0.0076,0.0076,0.0076
10.6340,0.0076,0.0076,0.0076
10.6390,0.0076,0.0076,0.0076
10.6440,0.0076,0.0076,0.0076
10.6500,0.0076,0.0076,0.0076
10.6550,0.0076,0.0076,0.0076
10.6610,0.0076,0.0076,0.0076
10.6660,0.0076,0.0076,0.0076
10.6720,0.0076,0.0076,0.0076
10.6770,0.0076,0.0076,0.0076
10.6830,0.0076,0.0076,0.0076
10.6880,0.0076,0.0076,0.0076
10.6940,0.0076,0.0076,0.0076
10.6990,0.0076,0.0076,0.0076
10.7050,0.0076,0.0076,0.0076
10.7100,0.0076,0.0076,0.0076
10.7160,0.0076,0.0076,0.0076
10.7220,0.0076,0.0076,0.0076
10.7270,0.0076,0.0076,0.0076
10.7330,0.0076,0.0076,0.0076
10.7380,0.0076,0.0076,0.0076
10.7440,0.0076,0.0076,0.0076
10.7490,0.0076,0.0076,0.0076
10.7550,0.0076,0.0076,0.0076
10.7600,0.0076,0.0076,0.0076
10.7660,0.0076,0.0076,0.0076
10.7710,0.0076,0.0076,0.0076
10.7770,0.0076,0.0076,0.0076
10.7820,0.0076,0.0076,0.0076
10.7880,0.0076,0.0076,0.0076
10.7940,0.0076,0.0076,0.0076
10.7990,0.0076,0.0076,0.0076
10.8050,0.0076,0.0076,0.0076
10.8100,0.0076,0.0076,0.0076
10.8160,0.0076,0.0076,0.0076
10.8210,0.0076,0.0076,0.0076
10.8270,0.0076,0.0076,0.0076
10.8330,0.0076,0.0076,0.0076
10.8380,0.0076,0.0076,0.0076
10.8440,0.0076,0.0076,0.0076
10.8490,0.0076,0.0076,0.0076
10.8550,0.0076,0.0076,0.0076
10.8600,0.0076,0.0076,0.0076
10.8660,0.0076,0.0076,0.0076
10.8720,0.0076,0.0076,0.0076
10.8770,0.0076,0.0076,0.0076
10.8830,0.0076,0.0076,0.0076
10.8880,0.0076,0.0076,0.0076
10.8940,0.0076,0.0076,0.0076
10.9000,0.0076,0.0076,0.0076
10.9050,0.0076,0.0076,0.0076
10.9110,0.0076,0.0076,0.0076
10.9170,0.0076,0.0076,0.0076
10.9220,0.0076,0.0076,0.0076
10.9280,0.0076,0.0076,0.0076
10.9330,0.0076,0.0076,0.0076
10.9390,0.0076,0.0076,0.0076
10.9450,0.0076,0.0076,0.0076
10.9500,0.0076,0.0076,0.0076
10.9560,0.0076,0.0076,0.0076
10.9620,0.0076,0.0076,0.0076
10.9670,0.0076,0.0076,0.0076
10.9730,0.0076,0.0076,0.0076
10.9790,0.0076,0.0076,0.0076
10.9840,0.0076,0.0076,0.0076
10.9900,0.0076,0.0076,0.0076
10.9960,0.0076,0.0076,0.0076
11.0010,0.0076,0.0076,0.0076
11.0070,0.0076,0.0076,0.0076
11.0130,0.0076,0.0076,0.0076
11.0180,0.0076,0.0076,0.0076
11.0240,0.0076,0.0076,0.0076
11.0300,0.0076,0.0076,0.0076
11.0350,0.0076,0.0076,0.0076
11.0410,0.0076,0.0076,0.0076
11.0470,0.0076,0.0076,0.0076
11.0520,0.0076,0.0076,0.0076
11.0580,0.0076,0.0076,0.0076
11.0640,0.0076,0.0076,0.0076
11.0690,0.0076,0.0076,0.0076
11.0750,0.0076,0.0076,0.0076
11.0810,0.0076,0.0076,0.0076
11.0870,0.0076,0.0076,0.0076
11.0920,0.0076,0.0076,0.0076
11.0980,0.0076,0.0076,0.0076
11.1040,0.0076,0.0076,0.0076
11.1090,0.0076,0.0076,0.0076
11.1150,0.0076,0.0076,0.0076
11.1210,0.0076,0.0076,0.0076
11.1270,0.0076,0.0076,0.0076
11.1320,0.0076,0.0076,0.0076
11.1380,0.0076,0.0076,0.0076
11.1440,0.0076,0.0076,0.0076
11.1500,0.0076,0.0076,0.0076
11.1550,0.0076,0.0076,0.0076
11.1610,0.0076,0.0076,0.0076
11.1670,0.0076,0.0076,0.0076
11.1730,0.0076,0.0076,0.0076
11.1780,0.0076,0.0076,0.0076
11.1840,0.0076,0.0076,0.0076
11.1900,0.0076,0.0076,0.0076
11.1960,0.0076,0.0076,0.0076
11.2010,0.0076,0.0076,0.0076
11.2070,0.0076,0.0076,0.0076
11.2130,0.0076,0.0076,0.0076
11.2190,0.0076,0.0076,0.0076
11.2240,0.0076,0.0076,0.0076
11.2300,0.0076,0.0076,0.0076
11.2360,0.0076,0.0076,0.0076
11.2420,0.0076,0.0076,0.0076
11.2480,0.0076,0.0076,0.0076
11.2530,0.0076,0.0076,0.0076
11.2590,0.0076,0.0076,0.0076
11.2650,0.0076,0.0076,0.0076
11.2710,0.0076,0.0076,0.0076
11.2770,0.0076,0.0076,0.0076
11.2820,0.0076,0.0076,0.0076
11.2880,0.0076,0.0076,0.0076
11.2940,0.0076,0.0076,0.0076
11.3000,0.0076,0.0076,0.0076
11.3060,0.0076,0.0076,0.0076
11.3110,0.0076,0.0076,0.0076
11.3170,0.0076,0.0076,0.0076
11.3230,0.0076,0.0076,0.0076
11.3290,0.0076,0.0076,0.0076
11.3350,0.0076,0.0076,0.0076
11.3410,0.0076,0.0076,0.0076
11.3470,0.0076,0.0076,0.0076
11.3520,0.0076,0.0076,0.0076
11.3580,0.0076,0.0076,0.0076
11.3640,0.0076,0.0076,0.0076
11.3700,0.0076,0.0076,0.0076
11.3760,0.0076,0.0076,0.0076
11.3820,0.0076,0.0076,0.0076
11.3870,0.0076,0.0076,0.0076
11.3930,0.0076,0.0076,0.0076
11.3990,0.0076,0.0076,0.0076
11.4050,0.0076,0.0076,0.0076
11.4110,0.0076,0.0076,0.0076
11.4170,0.0076,0.0076,0.0076
11.4230,0.0076,0.0076,0.0076
11.4290,0.0076,0.0076,0.0076
11.4350,0.0076,0.0076,0.0076
11.4400,0.0076,0.0076,0.0076
11.4460,0.0076,0.0076,0.0076
11.4520,0.0076,0.0076,0.0076
11.4580,0.0076,0.0076,0.0076
11.4640,0.0076,0.0076,0.0076
11.4700,0.0076,0.0076,0.0076
11.4760,0.0076,0.0076,0.0076
11.4820,0.0076,0.0076,0.0076
11.4880,0.0076,0.0076,0.0076
11.4940,0.0076,0.0076,0.0076
11.4990,0.0076,0.0076,0.0076
11.5050,0.0076,0.0076,0.0076
11.5110,0.0076,0.0076,0.0076
11.5170,0.0076,0.0076,0.0076
11.5230,0.0076,0.0076,0.0076
11.5290,0.0076,0.0076,0.0076
11.5350,0.0076,0.0076,0.0076
11.5410,0.0076,0.0076,0.0076
11.5470,0.0076,0.0076,0.0076
11.5530,0.0076,0.0076,0.0076
11.5590,0.0076,0.0076,0.0076
11.5650,0.0076,0.0076,0.0076
11.5710,0.0076,0.0076,0.0076
11.5770,0.0076,0.0076,0.0076
11.5830,0.0076,0.0076,0.0076
11.5890,0.0076,0.0076,0.0076
11.5950,0.0076,0.0076,0.0076
11.6010,0.0076,0.0076,0.0076
11.6070,0.0076,0.0076,0.0076
11.6130,0.0076,0.0076,0.0076
11.6190,0.0076,0.0076,0.0076
11.6250,0.0076,0.0076,0.0076
11.6310,0.0076,0.0076,0.0076
11.6370,0.0076,0.0076,0.0076
11.6430,0.0076,0.0076,0.0076
11.6490,0.0076,0.0076,0.0076
11.6550,0.0076,0.0076,0.0076
11.6610,0.0076,0.0076,0.0076
11.6670,0.0076,0.0076,0.0076
11.6730,0.0076,0.0076,0.0076
11.6790,0.0076,0.0076,0.0076
11.6850,0.0076,0.0076,0.0076
11.6910,0.0076,0.0076,0.0076
11.6970,0.0076,0.0076,0.0076
11.7030,0.0076,0.0076,0.0076
11.7090,0.0076,0.0076,0.0076
11.7150,0.0076,0.0076,0.0076
11.7210,0.0076,0.0076,0.0076
11.7270,0.0076,0.0076,0.0076
11.7330,0.0076,0.0076,0.0076
11.7390,0.0076,0.0076,0.0076
11.7450,0.0076,0.0076,0.0076
11.7510,0.0076,0.0076,0.0076
11.7570,0.0076,0.0076,0.0076
11.7630,0.0076,0.0076,0.0076
11.7690,0.0076,0.0076,0.0076
11.7750,0.0076,0.0076,0.0076
11.7810,0.0076,0.0076,0.0076
11.7870,0.0076,0.0076,0.0076
11.7930,0.0076,0.0076,0.0076
11.7990,0.0076,0.0076,0.0076
11.8060,0.0076,0.0076,0.0076
11.8120,0.0076,0.0076,0.0076
11.8180,0.0076,0.0076,0.0076
11.8240,0.0076,0.0076,0.0076
11.8300,0.0076,0.0076,0.0076
11.8360,0.0076,0.0076,0.0076
11.8420,0.0076,0.0076,0.0076
11.8480,0.0076,0.0076,0.0076
11.8540,0.0076,0.0076,0.0076
11.8600,0.0076,0.0076,0.0076
11.8670,0.0076,0.0076,0.0076
11.8730,0.0076,0.0076,0.0076
11.8790,0.0076,0.0076,0.0076
11.8850,0.0076,0.0076,0.0076
11.8910,0.0076,0.0076,0.0076
11.8970,0.0076,0.0076,0.0076
11.9030,0.0076,0.0076,0.0076
11.9090,0.0076,0.0076,0.0076
11.9160,0.0076,0.0076,0.0076
11.9220,0.0076,0.0076,0.0076
11.9280,0.0076,0.0076,0.0076
11.9340,0.0076,0.0076,0.0076
11.9400,0.0076,0.0076,0.0076
11.9460,0.0076,0.0076,0.0076
11.9520,0.0076,0.0076,0.0076
11.9590,0.0076,0.0076,0.0076
11.9650,0.0076,0.0076,0.0076
11.9710,0.0076,0.0076,0.0076
11.9770,0.0076,0.0076,0.0076
11.9830,0.0076,0.0076,0.0076
11.9890,0.0076,0.0076,0.0076
11.9960,0.0076,0.0076,0.0076
12.0020,0.0076,0.0076,0.0076
12.0080,0.0076,0.0076,0.0076
12.0140,0.0076,0.0076,0.0076
12.0200,0.0076,0.0076,0.0076
12.0260,0.0076,0.0076,0.0076
12.0330,0.0076,0.0076,0.0076
12.0390,0.0076,0.0076,0.0076
12.0450,0.0076,0.0076,0.0076
12.0510,0.0076,0.0076,0.0076
12.0580,0.0076,0.0076,0.0076
12.0640,0.0076,0.0076,0.0076
12.0700,0.0076,0.0076,0.0076
12.0760,0.0076,0.0076,0.0076
12.0820,0.0076,0.0076,0.0076
12.0890,0.0076,0.0076,0.0076
12.0950,0.0076,0.0076,0.0076
12.1010,0.0076,0.0076,0.0076
12.1070,0.0076,0.0076,0.0076
12.1140,0.0076,0.0076,0.0076
12.1200,0.0076,0.0076,0.0076
12.1260,0.0076,0.0076,0.0076
12.1320,0.0076,0.0076,0.0076
12.1390,0.0076,0.0076,0.0076
12.1450,0.0076,0.0076,0.0076
12.1510,0.0076,0.0076,0.0076
12.1570,0.0076,0.0076,0.0076
12.1640,0.0076,0.0076,0.0076
12.1700,0.0076,0.0076,0.0076
12.1760,0.0076,0.0076,0.0076
12.1820,0.0076,0.0076,0.0076
12.1890,0.0076,0.0076,0.0076
12.1950,0.0076,0.0076,0.0076
12.2010,0.0076,0.0076,0.0076
12.2070,0.0076,0.0076,0.0076
12.2140,0.0076,0.0076,0.0076
12.2200,0.0076,0.0076,0.0076
12.2260,0.0076,0.0076,0.0076
12.2330,0.0076,0.0076,0.0076
12.2390,0.0076,0.0076,0.0076
12.2450,0.0076,0.0076,0.0076
12.2520,0.0076,0.0076,0.0076
12.2580,0.0076,0.0076,0.0076
12.2640,0.0076,0.0076,0.0076
12.2710,0.0076,0.0076,0.0076
12.2770,0.0076,0.0076,0.0076
12.2830,0.0076,0.0076,0.0076
12.2900,0.0076,0.0076,0.0076
12.2960,0.0076,0.0076,0.0076
12.3020,0.0076,0.0076,0.0076
12.3090,0.0076,0.0076,0.0076
12.3150,0.0076,0.0076,0.0076
12.3210,0.0076,0.0076,0.0076
12.3280,0.0076,0.0076,0.0076
12.3340,0.0076,0.0076,0.0076
12.3400,0.0076,0.0076,0.0076
12.3470,0.0076,0.0076,0.0076
12.3530,0.0076,0.0076,0.0076
12.3590,0.0076,0.0076,0.0076
12.3660,0.0076,0.0076,0.0076
12.3720,0.0076,0.0076,0.0076
12.3780,0.0076,0.0076,0.0076
12.3850,0.0076,0.0076,0.0076
12.3910,0.0076,0.0076,0.0076
12.3980,0.0076,0.0076,0.0076
12.4040,0.0076,0.0076,0.0076
12.4100,0.0076,0.0076,0.0076
12.4170,0.0076,0.0076,0.0076
12.4230,0.0076,0.0076,0.0076
12.4300,0.0076,0.0076,0.0076
12.4360,0.0076,0.0076,0.0076
12.4420,0.0076,0.0076,0.0076
12.4490,0.0076,0.0076,0.0076
12.4550,0.0076,0.0076,0.0076
12.4620,0.0076,0.0076,0.0076
12.4680,0.0076,0.0076,0.0076
12.4740,0.0076,0.0076,0.0076
12.4810,0.0076,0.0076,0.0076
12.4870,0.0076,0.0076,0.0076
12.4940,0.0076,0.0076,0.0076
12.5000,0.0076,0.0076,0.0076
12.5070,0.0076,0.0076,0.0076
12.5130,0.0076,0.0076,0.0076
12.5200,0.0076,0.0076,0.0076
12.5260,0.0076,0.0076,0.0076
12.5320,0.0076,0.0076,0.0076
12.5390,0.0076,0.0076,0.0076
12.5450,0.0076,0.0076,0.0076
12.5520,0.0076,0.0076,0.0076
12.5580,0.0076,0.0076,0.0076
12.5650,0.0076,0.0076,0.0076
12.5710,0.0076,0.0076,0.0076
12.5780,0.0076,0.0076,0.0076
12.5840,0.0076,0.0076,0.0076
12.5910,0.0076,0.0076,0.0076
12.5970,0.0076,0.0076,0.0076
12.6040,0.0076,0.0076,0.0076
12.6100,0.0076,0.0076,0.0076
12.6170,0.0076,0.0076,0.0076
12.6230,0.0076,0.0076,0.0076
12.6300,0.0076,0.0076,0.0076
12.6360,0.0076,0.0076,0.0076
12.6430,0.0076,0.0076,0.0076
12.6490,0.0076,0.0076,0.0076
12.6560,0.0076,0.0076,0.0076
12.6620,0.0076,0.0076,0.0076
12.6690,0.0076,0.0076,0.0076
12.6750,0.0076,0.0076,0.0076
12.6820,0.0076,0.0076,0.0076
12.6880,0.0076,0.0076,0.0076
12.6950,0.0076,0.0076,0.0076
12.7010,0.0076,0.0076,0.0076
12.7080,0.0076,0.0076,0.0076
12.7140,0.0076,0.0076,0.0076
12.7210,0.0076,0.0076,0.0076
12.7280,0.0076,0.0076,0.0076
12.7340,0.0076,0.0076,0.0076
12.7410,0.0076,0.0076,0.0076
12.7470,0.0076,0.0076,0.0076
12.7540,0.0076,0.0076,0.0076
12.7600,0.0076,0.0076,0.0076
12.7670,0.0076,0.0076,0.0076
12.7740,0.0076,0.0076,0.0076
12.7800,0.0076,0.0076,0.0076
12.7870,0.0076,0.0076,0.0076
12.7930,0.0076,0.0076,0.0076
12.8000,0.0076,0.0076,0.0076
12.8060,0.0076,0.0076,0.0076
12.8130,0.0076,0.0076,0.0076
12.8200,0.0076,0.0076,0.0076
12.8260,0.0076,0.0076,0.0076
12.8330,0.0076,0.0076,0.0076
12.8390,0.0076,0.0076,0.0076
12.8460,0.0076,0.0076,0.0076
12.8530,0.0076,0.0076,0.0076
12.8590,0.0076,0.0076,0.0076
12.8660,0.0076,0.0076,0.0076
12.8730,0.0076,0.0076,0.0076
12.8790,0.0076,0.0076,0.0076
12.8860,0.0076,0.0076,0.0076
12.8930,0.0076,0.0076,0.0076
12.8990,0.0076,0.0076,0.0076
12.9060,0.0076,0.0076,0.0076
12.9120,0.0076,0.0076,0.0076
12.9190,0.0076,0.0076,0.0076
12.9260,0.0076,0.0076,0.0076
12.9320,0.0076,0.0076,0.0076
12.9390,0.0076,0.0076,0.0076
12.9460,0.0076,0.0076,0.0076
12.9520,0.0076,0.0076,0.0076
12.9590,0.0076,0.0076,0.0076
12.9660,0.0076,0.0076,0.0076
12.9720,0.0076,0.0076,0.0076
12.9790,0.0076,0.0076,0.0076
12.9860,0.0076,0.0076,0.0076
12.9930,0.0076,0.0076,0.0076
12.9990,0.0076,0.0076,0.0076
13.0060,0.0076,0.0076,0.0076
13.0130,0.0076,0.0076,0.0076
13.0190,0.0076,0.0076,0.0076
13.0260,0.0076,0.0076,0.0076
13.0330,0.0076,0.0076,0.0076
13.0390,0.0076,0.0076,0.0076
13.0460,0.0076,0.0076,0.0076
13.0530,0.0076,0.0076,0.0076
13.0600,0.0076,0.0076,0.0076
13.0660,0.0076,0.0076,0.0076
13.0730,0.0076,0.0076,0.0076
13.0800,0.0076,0.0076,0.0076
13.0870,0.0076,0.0076,0.0076
13.0930,0.0076,0.0076,0.0076
13.1000,0.0076,0.0076,0.0076
13.1070,0.0076,0.0076,0.0076
13.1140,0.0076,0.0076,0.0076
13.1200,0.0076,0.0076,0.0076
13.1270,0.0076,0.0076,0.0076
13.1340,0.0076,0.0076,0.0076
13.1410,0.0076,0.0076,0.0076
13.1470,0.0076,0.0076,0.0076
13.1540,0.0076,0.0076,0.0076
13.1610,0.0076,0.0076,0.0076
13.1680,0.0076,0.0076,0.0076
13.1740,0.0076,0.0076,0.0076
13.1810,0.0076,0.0076,0.0076
13.1880,0.0076,0.0076,0.0076
13.1950,0.0076,0.0076,0.0076
13.2020,0.0076,0.0076,0.0076
13.2080,0.0076,0.0076,0.0076
13.2150,0.0076,0.0076,0.0076
13.2220,0.0076,0.0076,0.0076
13.2290,0.0076,0.0076,0.0076
13.2360,0.0076,0.0076,0.0076
13.2420,0.0076,0.0076,0.0076
13.2490,0.0076,0.0076,0.0076
13.2560,0.0076,0.0076,0.0076
13.2630,0.0076,0.0076,0.0076
13.2700,0.0076,0.0076,0.0076
13.2770,0.0076,0.0076,0.0076
13.2830,0.0076,0.0076,0.0076
13.2900,0.0076,0.0076,0.0076
13.2970,0.0076,0.0076,0.0076
13.3040,0.0076,0.0076,0.0076
13.3110,0.0076,0.0076,0.0076
13.3180,0.0076,0.0076,0.0076
13.3250,0.0076,0.0076,0.0076
13.3310,0.0076,0.0076,0.0076
13.3380,0.0076,0.0076,0.0076
13.3450,0.0076,0.0076,0.0076
13.3520,0.0076,0.0076,0.0076
13.3590,0.0076,0.0076,0.0076
13.3660,0.0076,0.0076,0.0076
13.3730,0.0076,0.0076,0.0076
13.3800,0.0076,0.0076,0.0076
13.3860,0.0076,0.0076,0.0076
13.3930,0.0076,0.0076,0.0076
13.4000,0.0076,0.0076,0.0076
13.4070,0.0076,0.0076,0.0076
13.4140,0.0076,0.0076,0.0076
13.4210,0.0076,0.0076,0.0076
13.4280,0.0076,0.0076,0.0076
13.4350,0.0076,0.0076,0.0076
13.4420,0.0076,0.0076,0.0076
13.4490,0.0076,0.0076,0.0076
13.4560,0.0076,0.0076,0.0076
13.4630,0.0076,0.0076,0.0076
13.4690,0.0076,0.0076,0.0076
13.4760,0.0076,0.0076,0.0076
13.4830,0.0076,0.0076,0.0076
13.4900,0.0076,0.0076,0.0076
13.4970,0.0076,0.0076,0.0076
13.5040,0.0076,0.0076,0.0076
13.5110,0.0076,0.0076,0.0076
13.5180,0.0076,0.0076,0.0076
13.5250,0.0076,0.0076,0.0076
13.5320,0.0076,0.0076,0.0076
13.5390,0.0076,0.0076,0.0076
13.5460,0.0076,0.0076,0.0076
13.5530,0.0076,0.0076,0.0076
13.5600,0.0076,0.0076,0.0076
13.5670,0.0076,0.0076,0.0076
13.5740,0.0076,0.0076,0.0076
13.5810,0.0076,0.0076,0.0076
13.5880,0.0076,0.0076,0.0076
13.5950,0.0076,0.0076,0.0076
13.6020,0.0076,0.0076,0.0076
13.6090,0.0076,0.0076,0.0076
13.6160,0.0076,0.0076,0.0076
13.6230,0.0076,0.0076,0.0076
13.6300,0.0076,0.0076,0.0076
13.6370,0.0076,0.0076,0.0076
13.6440,0.0076,0.0076,0.0076
13.6510,0.0076,0.0076,0.0076
13.6580,0.0076,0.0076,0.0076
13.6650,0.0076,0.0076,0.0076
13.6720,0.0076,0.0076,0.0076
13.6790,0.0076,0.0076,0.0076
13.6860,0.0076,0.0076,0.0076
13.6930,0.0076,0.0076,0.0076
13.7000,0.0076,0.0076,0.0076
13.7070,0.0076,0.0076,0.0076
13.7150,0.0076,0.0076,0.0076
13.7220,0.0076,0.0076,0.0076
13.7290,0.0076,0.0076,0.0076
13.7360,0.0076,0.0076,0.0076
13.7430,0.0076,0.0076,0.0076
13.7500,0.0076,0.0076,0.0076
13.7570,0.0076,0.0076,0.0076
13.7640,0.0076,0.0076,0.0076
13.7710,0.0076,0.0076,0.0076
13.7780,0.0076,0.0076,0.0076
13.7850,0.0076,0.0076,0.0076
13.7920,0.0076,0.0076,0.0076
13.8000,0.0076,0.0076,0.0076
13.8070,0.0076,0.0076,0.0076
13.8140,0.0076,0.0076,0.0076
13.8210,0.0076,0.0076,0.0076
13.8280,0.0076,0.0076,0.0076
13.8350,0.0076,0.0076,0.0076
13.8420,0.0076,0.0076,0.0076
13.8490,0.0076,0.0076,0.0076
13.8570,0.0076,0.0076,0.0076
13.8640,0.0076,0.0076,0.0076
13.8710,0.0076,0.0076,0.0076
13.8780,0.0076,0.0076,0.0076
13.8850,0.0076,0.0076,0.0076
13.8920,0.0076,0.0076,0.0076
13.8990,0.0076,0.0076,0.0076
13.9070,0.0076,0.0076,0.0076
13.9140,0.0076,0.0076,0.0076
13.9210,0.0076,0.0076,0.0076
13.9280,0.0076,0.0076,0.0076
13.9350,0.0076,0.0076,0.0076
13.9420,0.0076,0.0076,0.0076
13.9500,0.0076,0.0076,0.0076
13.9570,0.0076,0.0076,0.0076
13.9640,0.0076,0.0076,0.0076
13.9710,0.0076,0.0076,0.0076
13.9780,0.0076,0.0076,0.0076
13.9860,0.0076,0.0076,0.0076
13.9930,0.0076,0.0076,0.0076
14.0000,0.0076,0.0076,0.0076
